,epoch,index,class,accuracy,loss
0,0,275,Three,[0.33735031],0.6422132849693298
1,2,531,Three,[0.50062704],0.45987439155578613
2,4,322,Three,[0.51826626],0.48694631457328796
3,6,674,Two,[0.52011591],0.489473819732666
4,8,333,Three,[0.52104461],0.490765243768692
5,9,549,Two,[0.50474697],0.455798476934433
