,epoch,ind,class,acc,loss
0,0,304,0,0.1470785140991211,1.9167879819869995
1,4,426,1,0.9082981944084167,0.09618241339921951
2,8,426,1,0.9403647184371948,0.0614873543381691
3,11,426,1,0.9513594508171082,0.049863193184137344
